,title,50,100,200,250,500,price,image,features
1,Fresh True Srilankan / Ceylon Cinnamon Quills  - H1 Grade ,Rs. 454,Rs. 584,Rs. 779,,Rs. 1949,,//cdn.shopify.com/s/files/1/0450/4161/5010/products/ceylonecinnammon_x360.jpg?v=1644124826,"Cinnamomum verum -H1 (Humburg Grade) imported from SriLanka.  Small batches of freshly harvested produce, directly sourced from ethically organically grown cinnamon plantations."
2,"8mm Alleppey Green Extra Bold Cardamom Whole (Single Origin, Organically Grown, 100 % Pesticide free & Homestead Produce)",Rs. 519,Rs. 909,Rs. 1819,,Rs. ,,//cdn.shopify.com/s/files/1/0450/4161/5010/products/cardamom_x360.jpg?v=1623164352,"100% Natural & Organically grown. Sourced from a certified organic farmer in Idukki, Kerala. Single-origin produce. Non-GMO. Pesticide and chemical-free."
3,"Special Graded Malabar Black Pepper Whole (Organically Grown, Single Origin & Homestead Produce)",Rs. 194,Rs. 259,Rs. 454,,Rs. 1037,,//cdn.shopify.com/s/files/1/0450/4161/5010/products/blackpepperwhole_x360.jpg?v=1623163272,"Ethically sourced from a fair traded and organic certified farmer from Wayanad, Kerala. Only the latest batch is procured and processed without the use of toxic pesticides, irradiation, or genetically engineered products."
4,"Cloves Whole (Organically Grown, Single Origin & Homestead Produce)",Rs.  324,Rs. 389,Rs.  649,,Rs.  1299,,//cdn.shopify.com/s/files/1/0450/4161/5010/products/Clove_e661535e-697b-4d00-b433-7d0bf40721d1_x360.jpg?v=1623164642,"100% Natural, Organically Grown, fair traded and ethically sourced cloves from Western Ghats of Kerala. Non-GMO, No Preservatives, Vegan, Gluten-free premium Gourmet Grade Spice. Handpicked, manually sourced  from a fair trade farmer in Wayanad, Kerala.  Single Origin produce and source certification details with every batch of cloves."
5,Organically Grown Dry Bay Leaves Whole,Rs. ,Rs. ,Rs. ,,Rs. ,,//cdn.shopify.com/s/files/1/0450/4161/5010/products/Bayleaves_x360.jpg?v=1623162987,"100% natural, organically grown, vegan, Non- GMO, Non-ETO, Non-irradiated product. No chemicals, pesticides, preservatives added
Premium quality leaves, shade dried. Gives a pleasant aroma and enhances taste when added to dishes. Bay leaves are anti-fungal, anti-inflammatory and can be used as remedy to relieve pain, improve menstrual health, and treat cold & cough."
6,"True cinnamon (Cinnamomum verum) from Western Ghats of Kerala - Organically grown, homestead produce",Rs.  324,Rs. 389,Rs. 519,,Rs. 1170,,//cdn.shopify.com/s/files/1/0450/4161/5010/products/keralacinnamon_d72b144b-26d9-4590-a15e-9b7d4930dc14_x360.jpg?v=1623165098,"Organically sourced, single origin and homestead produce from organic and fair trade certified farmers in Wayanad, Kerala from the World’s first and largest cinnamon plantation  in Kannur, Kerala, planted by the British. Not machine harvested.    Kerala cinnamon is just like stick as it is cut with country knives. This cinnamon is not cassia.
"
7,Fresh & Natural Black Cardamom Whole ,Rs. 324,Rs. 454,Rs. 649,,Rs. 1234,,//cdn.shopify.com/s/files/1/0450/4161/5010/products/blackcardamom_x360.jpg?v=1627661017,"This premium quality Black cardamom also known as the 'Queen of Spices’ is ethically sourced from our organic women farmers of Sikkim. Handpicked, hygienically dried and packed in a glass jar to retain the freshness, flavour and aroma.
No chemicals, no pesticides or no additives added. 100% organically grown, Non- GMO produce, Gourmet Grade spice.Singe origin and homestead produce.
Used as a flavouring spice for many Indian dishes. It has many antioxidants and is a natural remedy for respiratory problems such as asthma, cold, cough and bronchitis
"
8,Gourmet Grade Vanilla Beans Whole from Kerala - Grade A Vanilla Pods for Vanilla Extract and Baking,Rs. ,Rs. ,Rs. ,,Rs. ,,//cdn.shopify.com/s/files/1/0450/4161/5010/products/IMG-20210613-WA0092_x360.jpg?v=1623588530,"100% Natural, Organic, Gourmet  Grade vanilla . Average moisture content of our vanilla pods is 33% so that these beans are soft and pliable and has a rich creamy flavour along with a heavenly aroma. Organically grown and ethically sourced gourmet grade vanilla from the fair trade farmers’ network in Kerala. No pesticides, Chemicals, Additives or Preservatives added.
"
9,Dried Star Anise Whole ,Rs. 389,Rs. 519,Rs. 779,,Rs. 1557,,//cdn.shopify.com/s/files/1/0450/4161/5010/products/staranise_x360.jpg?v=1623201858," Each  star anise whole is handpicked and carefully sorted. 100% Natural, Non- GMO, No Preservatives and Artificial Colors, Vegan & Premium Gourmet grade spice."
10,Finest quality of Fresh & Organically grown Tamarind  (Seeds removed),Rs. ,Rs. ,Rs. ,,Rs. ,,//cdn.shopify.com/s/files/1/0450/4161/5010/products/tamarind_x360.jpg?v=1623201950,"Tamarind  of finest quality of organically grown. Seeds are removed manually under hygienic conditions and packed as per the highest quality standards
No artificial colours and preservatives added. No added flavour added. Organic and pesticide-free. Non- GMO, Non-ETO."
11,"Mace Flower  Whole   (Organically Grown, Single Origin & Homestead Produce)",Rs. 389,Rs. 649,Rs. 1039,,Rs. 2508,,//cdn.shopify.com/s/files/1/0450/4161/5010/products/mace_F_x360.jpg?v=1623201392," Authentic Mace, Natural, Organic, Non-GMO, No Preservatives, Free from pesticides and chemicals. Sourced  from organic and fair traded farmer in the Wayanad district of Kerala. Organically certified and ethically sourced. is very good for the digestive system healthy, Appetite, Blood Circulation. Kidneys, Cold and Cough. Mace is also good for diarrhoea, nausea, vomiting, stomachaches.
"
12,"Travancore Nutmeg Whole - Shell removed (Organically Grown, Single origin & Homestead produce)",Rs. 389,Rs. 299,,,Rs. 699,,//cdn.shopify.com/s/files/1/0450/4161/5010/products/nutmeg_x360.jpg?v=1623201749,"Travancore Nutmeg Whole sourced from an organic certified farmer at Wayanad, in Kerala with authentic source certification details. The product is handpicked, hygienically packed, 100% natural, an organically grown local variety, produced in small batches.  Organic, pesticide-free, chemical-free, Non-irradiated, No preservatives, additives or flavours added. 
Nutmeg is a wonderful source of magnesium that helps  treat insomnia and restlessness at night.It has anti-microbial and anti-inflammatory properties. It helps in detoxifying the body, clearing out toxins from the liver and kidneys."
13,"Premium Asafoetida Whole –  (Single Origin, Farm Direct Produce, Organically Grown & Made in small batches)",,Rs. 909,,,,,//cdn.shopify.com/s/files/1/0450/4161/5010/products/AsafaetidaWhole_x360.jpg?v=1623682469," Premium & Limited edition Single Origin Asafoetida Whole 
"
14,Brindleberry/Garcinia Cambogia /Malabar Tamarind,,,,,,,//cdn.shopify.com/s/files/1/0450/4161/5010/products/brindleberry_x360.jpg?v=1623163493,Brindleberry / Malabar Whole is processed traditionally. Sourced from the organically grown trees and sundried in a hygienic environment.
15,Premium Quality Ceylon Cinnamon Quills -  (in glass jar),,Rs. 519,,,,,//cdn.shopify.com/s/files/1/0450/4161/5010/products/CeylonCinnamonQuills_x360.jpg?v=1623598200,Premium Quality Ceylon Cinnamon Quills 
16,"Premium Cumin Whole – 100 gm (Single Origin, Farm Direct Produce, Organically Grown & Made in small batches) (Glass Jar)",Rs. ,Rs.  389,Rs. ,,Rs. ,,//cdn.shopify.com/s/files/1/0450/4161/5010/products/CuminWholeJeeraSabut_x360.jpg?v=1623565270,"Premium & Limited edition Single Origin Cumin Whole seed  sourced from the selected organic farmers of Surendra Nagar district of Gujarat. Thoroughly washed and sundried, Made in small batches, this produce is grown and secured without harming the natural ecosystem, following the rules of Permaculture
"
17,Premium Quality Carom Seed / Bishop’s Weed (Organically Grown & Single Origin),,,Rs. 389,,Rs. 545,,//cdn.shopify.com/s/files/1/0450/4161/5010/products/ajwain_x360.jpg?v=1624765174,"Non-GMO, Vegan, Gluten free Premium Gourmet Food Grade Spice whole. Sourced from the organic fennel seeds farmers of Gujarat
No artificial colours/No preservatives/No additives added
"
18,Long Pepper Whole (Organically Grown/Single Origin & Homestead Produce),Rs. 324,Rs. 389,Rs. 649,,Rs. 1234,,//cdn.shopify.com/s/files/1/0450/4161/5010/products/longpepper_x360.jpg?v=1623165010,"Fresh long pepper whole sourced from a single-origin farm. Sourced from a fair traded and organic certified farmer in Wayanad in Kerala. Free from additives, pesticides, preservatives or colour enhancing agents. Solar dried, hand-picked and hygienically packed Indian long pepper belongs to the pepper family. It has many medicinal properties and widely used in ayurvedic medicines. It improves appetite, digestion, stomachache and diarrhea."
19,Fermented & Sun-Dried Raw Cocoa Bean (Organic & Single-origin),Rs. ,Rs. ,Rs. ,,Rs. ,,//cdn.shopify.com/s/files/1/0450/4161/5010/products/cocoabean_x360.jpg?v=1623164653,"Finest Quality of fermented Cocoa Beans sourced from an organic and fair trade farmer in Kerala. It is single-origin and direct farm produce.
"
20,Fresh Turmeric Root (Organically grown & Single origin produce) ,Rs. ,Rs. ,Rs. ,,Rs. ,,//cdn.shopify.com/s/files/1/0450/4161/5010/products/fresh-turmeric-roots-isolated-white_x360.jpg?v=1623215125,"Sourced from organic and fair trade certified farmers in Wayanad, Kerala.
Sourcing only local, Non-GMO variety of fresh root only. No hybrid variety is sourced.
No fertilizer is used organic and pesticide free and chemical free, Non- GMO, Non-ETO, Vegan, Non-irradiated & Gluten free "
21,Premium Quality Single Origin Clove Whole - (In Glass Jar),,Rs. 649,,,,,//cdn.shopify.com/s/files/1/0450/4161/5010/products/CloveWhole_x360.jpg?v=1623597906,Premium quality Cloves Whole
22,Premium quality Single origin Tellichery Special Extra Bold Black Peppercorns Whole - (In Glass Jar),,Rs. 650,,,,,//cdn.shopify.com/s/files/1/0450/4161/5010/products/TellicherySpecialExtraBoldBlackPeppercornsWhole_x360.jpg?v=1623597393,Premium quality Single-origin Tellichery Special Extra Bold Black Peppercorns Whole 
23,Allspice Berries (Whole) - (Jamaican Pepper/Jamaica Pimenta),Rs. 259,Rs. 454,Rs. 649,,Rs. 1430,,//cdn.shopify.com/s/files/1/0450/4161/5010/products/allspice_x360.jpg?v=1626064554,"Single origin, organically grown and homestead produce. Ethically sourced from an organic and fair trade farmer in Wayanad in Kerala. 
Free from preservatives, additives, pesticides and chemicals. Handpicked  and hygienically packed. Non- GMO, Non-ETO, Non-irradiated."
24,"Premium Fennel whole – 100 gm (Single Origin, Farm Direct Produce, Organically Grown & Made in small batches) - (In Glass Jar)",,Rs. 389,,,,,//cdn.shopify.com/s/files/1/0450/4161/5010/products/Fennelwhole_x360.jpg?v=1623566082,"Premium & Limited edition Single Origin Fennel Whole, is sourced from the organic farmers of Gujarat in only small batches following the rules of permaculture, and is grown and secured without harming the natural ecosystem
"
25,"Gift Pack of 10 Kerala Spices - Cardamom, Black Pepper, Cinnamon, Clove, Nutmeg Mace, Star Anise, Long Pepper, Black Cardamom, Nutmeg Whole, Allspice - 50 Gm Each",,,,,Rs. 2145,,//cdn.shopify.com/s/files/1/0450/4161/5010/products/Combo_3_x360.jpg?v=1623600956," Each fresh batch is hygienically packed. Gathered from homestead fair trade network of farmers in small batches: who practice the organic way of cultivation.
Free from pesticides, herbicides and other chemical impurities
"
26,Monthly Economy combo pack of spice whole- ,,Rs. ,,,,,//cdn.shopify.com/s/files/1/0450/4161/5010/products/Combo_2_x360.jpg?v=1623601062,All are organically grown spices and sourced from single farm and are made in small batches to maintain freshness
27,Premium Quality Single Origin Star Anise Whole - 50 gm (glass jar),,Rs. 649,,,,,//cdn.shopify.com/s/files/1/0450/4161/5010/products/StarAniseWhole_x360.jpg?v=1624516959,"Pure Premium Quality  collected from the Western Ghats region and sun-dried.  Single Origin, Farm Direct Produce & organically grown following the rules of permaculture, this produce is grown and secured without harming the natural ecosystem
Exotic Star anise is known to have anti-oxidant, anti-inflammatory, and wellbeing advancing properties. Star anise is an ingredient of the traditional five-spice powder."
28,Premium Quality Single Origin Nutmeg Whole - 200 gm (glass jar),,,Rs. 649,,,,//cdn.shopify.com/s/files/1/0450/4161/5010/products/NutmegWhole_x360.jpg?v=1623599237,Premium Single Origin Nutmeg Whole - 200 gm (Ingredients: 100% Pure Premium Quality Nutmeg Whole/ Muscade entière/ Nuez moscada entera/Muskatnuss ganz/Noce moscata intera/Jawzat altayib kamila/ Zhěnggè ròu dòukòu)
29,"Premium Kashmiri Chilli Whole – 50 gm (Single Origin, Farm Direct Produce, Organically Grown & Made in small batches)",Rs. 389,,,,,,//cdn.shopify.com/s/files/1/0450/4161/5010/products/KashmiriChilliWhole_x360.jpg?v=1623564842,"Premium & Limited edition Single Origin,  from organic farmers of Kashmir. Carefully sourced following the rules of permaculture, this produce is grown and secured without harming the natural ecosystem
"
30,Dry Turmeric whole (Organically grown & Single origin produce),Rs. 390,Rs. 714,,,,,//cdn.shopify.com/s/files/1/0450/4161/5010/products/DryAlleppeyFingerTurmericwhole_1_x360.jpg?v=1623648017,"Sourced from organic and fair trade certified farmers in Wayanad, Kerala. Only local, Non-GMO variety root is sourced.  No hybrid variety is sourced. 0% pesticide, insecticide, fungicide, preservatives added.
 Pesticide-free, chemical-free, Non- GMO, Non-ETO, Vegan, Non-irradiated & Gluten-free. Turmeric is an essential ingredient in most of immunity boosters."
32,Premium Quality Single Origin Kerala Cinnamon Stick - 100 gm (in glass jar),,Rs. 519,,,,,//cdn.shopify.com/s/files/1/0450/4161/5010/products/KeralaCinnamonStick_c4493f55-de40-42ab-bdd5-811fb3a468de_x360.jpg?v=1623648232,Premium Single-origin from Kerala
32,"Combo of 100 gm of each Cardamom, Clove, Ceylon Cinnamon and Black Pepper",,,,,Rs. 1949,,//cdn.shopify.com/s/files/1/0450/4161/5010/products/Combo_4_1_x360.jpg?v=1623594245,"Collected from farmers and tribal people. Processed and packed in a traditional way.
Free from pesticides and other chemical impurity."
33,"Premium Black Cardamom Large – 100 gm (Single Origin, Farm Direct Produce, Organically Grown & Made in small batches) (in glass jar)",,Rs. 519,,,,,//cdn.shopify.com/s/files/1/0450/4161/5010/products/BlackCardamomWhole_x360.jpg?v=1623564632,"Premium & Limited edition Single Origin Black Cardamom Whole is sourced from the organic farmers of Arunachal Pradesh
"
34,Premium Quality Single Origin Mace Whole  - 50 gm (glass jar),Rs. 519,,,,,,//cdn.shopify.com/s/files/1/0450/4161/5010/products/MaceWhole_Jati-patri_x360.jpg?v=1623598543,100% Pure Premium Quality Mace Whole
35,Combo Offer of Black Pepper & White Pepper whole - 100 gm each,,,Rs. 989,,,,//cdn.shopify.com/s/files/1/0450/4161/5010/products/white-pepper-black-pepper-wooden-spoon-isolated-white-surface_x360.jpg?v=1622259245," Of single-origin and small batch products, organically grown and sourced from fair trade farmers.
Good source of dietary fibre, as well as an excellent source of manganese, iron, and vitamin K. "
36,Dry Ginger Root Whole (Organically grown & Single Origin produce) ,,,Rs. 519,,Rs. 909,,//cdn.shopify.com/s/files/1/0450/4161/5010/products/DryGingerWhole_fd76050c-e8a1-40eb-8d2c-32260e3368a7_x360.jpg?v=1623648104,"Organically grown & sourced from a fair trade certified farmer in Wayanad, Kerala. Authentic source and is a local variety called ‘Maran’.  No hybrid variety is used. Fresh ginger root’s skin is peeled, washed three times, sliced nicely and dried in a solar dryer. 0% pesticide, insecticide, fungicide, preservatives, and flavours. "
37,Premium Quality Mustard Whole - (Organically Grown & Single Origin),,Rs. 389,,,,,//cdn.shopify.com/s/files/1/0450/4161/5010/products/MustardWhole_1_x360.jpg?v=1623682098,"Non-GMO, Vegan, Gluten-free Premium Gourmet Food Grade Spice Whole"
38,"Premium Indian Bay Leaf Whole – 50 gm (Single Origin, Farm Direct Produce, Organically Grown & Made in small batches) (in glass jar)",Rs. 259,,,,,,//cdn.shopify.com/s/files/1/0450/4161/5010/products/IndianBayLeaf_x360.jpg?v=1623566387,Premium & Limited edition Single Origin Indian Bay Leaf Whole
39,Monthly Economy Combo pack of Spice Whole,Rs. ,Rs. ,Rs. ,,Rs. ,,//cdn.shopify.com/s/files/1/0450/4161/5010/products/Combo_2_43253c36-b101-4002-9f14-7e6efc28e598_x360.jpg?v=1623601112,Spice Combo for your family. All are organically grown spices and sourced from single farm
40,"Premium Tamarind Whole – 200 gm (Single Origin, Farm Direct Produce, Organically Grown & Made in small batches) (in glass jar)",,,Rs. 519,,,,//cdn.shopify.com/s/files/1/0450/4161/5010/products/Tamarind_0ef83e19-d31a-483c-9ea0-c932d2c3c1a4_x360.jpg?v=1623567296,"Premium & Limited edition Single Origin. Ethically sourced from organic and fair trade farmers from the homesteads of a forest side Western Ghats region village in the Wayanad district of Kerala.
Handpicked and sundried. Following the rules of permaculture, this produce is grown and secured without harming the natural ecosystem
"
41,Dried Bird's Eye Thai Chilli  (Ripened and Dried),,Rs. 909,,,,,//cdn.shopify.com/s/files/1/0450/4161/5010/products/81HP8zu8XNL._SL1500_x360.jpg?v=1622006745,"Finest graded homestead spice from organic farmer’s network in Wayanad.
100% Natural, Organically Grown, fair traded and ethically sourced from Western Ghats of Kerala, the world’s best quality Kanthari Chilli are growing in this ancient mountain region.                                                                Non-GMO, No Preservatives, Vegan, Gluten-free premium Gourmet Grade Spice. No added colours, preservatives, additives or chemicals
Handpicked and  hygienically packed."
42,"Premium Raw Fermented Cocoa Bean Whole – 200 gm (Single Origin, Farm Direct Produce, Organically Grown & Made in small batches)",Rs. ,Rs. ,Rs. ,,Rs. ,,//cdn.shopify.com/s/files/1/0450/4161/5010/products/CocoaBeanWhole_Dried_Fermented_x360.jpg?v=1623682391,"Premium & Limited edition Single Origin Raw Fermented Cocoa Bean Whole from the homesteads of an organic farmer, Thomas P J at Maruthonkara village in Calicut district of Kerala, strictly following the rules of permaculture, without harming the natural ecosystem.

"
43,"Premium Dry Ginger Whole – 100 gm (Single Origin, Farm Direct Produce, Organically Grown & Made in small batches",,Rs. 389,,,,,//cdn.shopify.com/s/files/1/0450/4161/5010/products/DryGingerWhole_x360.jpg?v=1623565933,Premium & Limited edition Single Origin Dry Ginger Whole
44,"Special Gift Box of 5 Kerala Spices - 50 gm of Cardamom, Black Pepper, Kerala Cinnamon, Clove & Mace",Rs. ,Rs. ,Rs. ,,Rs. ,,//cdn.shopify.com/s/files/1/0450/4161/5010/products/Combo_1_19378996-617c-45f1-8047-4f3b69e3f5f6_x360.jpg?v=1623587368,An ideal  Box of Kerala Spices for gifting with premium quality spices.
45,Dried Bird's Eye  /Thai Chilli,Rs. ,Rs. ,Rs. ,,Rs. ,,//cdn.shopify.com/s/files/1/0450/4161/5010/products/kantharichilli_x360.jpg?v=1623164835,"Finest graded homestead spice from organic farmers network in Wayanad.
Handpicked, hygienically packed, No added colours, preservatives, additives or chemicals
Hotness range from 50,000- 1,00,000 SHU( Scoville heat units). Has medicinal properties including the capacity to reduce hypertension and cholesterol.
"
46,"Gift Pack of Indian Spices - (Cardamom, Clove, Black Pepper, Ceylon Cinnamon, Nutmeg Whole, Black Cardamom & Allspice)",Rs. ,Rs. ,Rs. ,,Rs. ,,//cdn.shopify.com/s/files/1/0450/4161/5010/products/02_6ba13cf3-54ff-4dc0-9e0a-e93cce5a6ea4_x360.jpg?v=1630596655,"Premium gift box of exotic and pure finest grade authentic,  packed with natural flavors and aroma. Carefully handpicked from the homesteads of Western Ghats to spice up, refresh, and bring life to your favorite cuisines.
100% authentic organically grown, single origin, farm direct produce, GMO-free, with no preservatives or additives.
Perfect gift hamper for your friends, family, co-workers, clients, or anyone else you love & care about! "
47,"Gift Pack of Indian Spices - (Cardamom, Clove, Black Pepper, Ceylon Cinnamon & Nutmeg Whole)",Rs. ,Rs. ,Rs. ,,Rs. ,,//cdn.shopify.com/s/files/1/0450/4161/5010/products/01_c1043ae2-9a01-406b-85d2-a3edebb9a2a0_x360.jpg?v=1630596376,"Premium, Gourmet high-quality Kerala  whole Spice- Fresh and pure finest grade spices packed with natural flavors and aroma to spice up your taste buds and bring authentic taste to all your favourite cuisine.                 100% authentic, organically grown, of single origin, farm direct produce, GMO-free, with no preservatives or additives, carefully handpicked from the homesteads of the Western Ghats.
Perfect gift hamper of flavourful, healthy authentic Indian to spice up the festivities."
48,"Premium Special Extra Bold White Peppercorns Whole – 100 gm (Single Origin, Farm Direct Produce, Organically Grown & Made in small batches)",,Rs. 519,,,,,//cdn.shopify.com/s/files/1/0450/4161/5010/products/SpecialExtraBoldWhitePeppercornsWhole_x360.jpg?v=1623586387,Glass Jar contents: Premium & Limited edition Single Origin White Peppercorns Whole– 100 gm Ingredients: White Peppercorns Whole/Poivre blanc/Weißer Pfeffer/Alfilfil al'abyad/ Safed mirch)
49,"Premium Garlic Whole – 100 gm (Single Origin, Farm Direct Produce, Organically Grown & Made in small batches)",,Rs. 389,,,,,//cdn.shopify.com/s/files/1/0450/4161/5010/products/Garlic_faa15b64-3756-4bb3-bcfd-d4f1d768a838_x360.jpg?v=1623594831,Handpicked whole garlic  sourced from selected organic farmers of North Karnataka.
50,"Premium Dry Lakadong Turmeric Slices – 100 gm (Single Origin, Farm Direct Produce, Organically Grown & Made in small batches)",,Rs. 389,,,,,//cdn.shopify.com/s/files/1/0450/4161/5010/products/DryLakadonghTurmericslices2_x360.jpg?v=1611402988," Premium & Limited edition Single Origin, sourced from a woman organic farmer, Flavia Gracia in the East Jaintia hills of Meghalaya
Lakadong turmeric, world’s best turmeric variety with very high 6-7% curcumin  content is sourced from the Lakadong village of Meghalaya. This turmeric is known for its medicinal values and is used in                                     Ayurveda as well as everyday cooking for boosting immunity and promoting good health.

"
51,"Premium Dry Turmeric Whole – 100 gm (Single Origin, Farm Direct Produce, organically Grown & Made in small batches)",,Rs. 389,,,,,//cdn.shopify.com/s/files/1/0450/4161/5010/products/DryTurmericWhole_x360.jpg?v=1623565919,"Premium & Limited edition Single Origin Dry Turmeric is the handpicked, dried, cleaned and polished rhizomes of Curcuma Longa. This special edition of Alleppey finger turmeric is specially selected from the high yielding local variety commonly grown in Western Ghats region.
Homestead produce from an organic and fair trade farmer, Ravi, at Moolankavu of Wayanad district in Kerala. He follows permaculture based farming in his homestead and make sure no harm is done to the natural ecosystem.

"
52,"Whole White Pepper (Organically Grown, Single Origin & Homestead Produce)",,Rs. 519,,,,,//cdn.shopify.com/s/files/1/0450/4161/5010/products/whitepepper100gm_x360.jpg?v=1625040779," Special graded, sourced from a fair traded and organic certified farmer based in Wayanad, Kerala. Made in small batches. No oil extracted spice is used for making powder.
White pepper is used for almost all types of food in all cultures. It is used as a seasoning or used in dressings for salads, chicken, or fish, in white sauce, gravies, soups, stews, sauces.                                                                                     Organic, pesticide free, chemical free, Non- GMO, Non-ETO, Vegan, Gluten free."
53,Premium Single Origin Alleppey Green Cardamom Whole (Premium 8 mm Extra Bold)/ - 100gm (in Glass JAR),,Rs. 1039,,,,,//cdn.shopify.com/s/files/1/0450/4161/5010/products/1_60caaa29-fb84-4c23-824a-ac807f480ec8_x360.jpg?v=1643970420,"The Oueen of all spices, Cardamom - the exotic spice with complex flavours, is Kerala’s pride.                                                                                                                                                                                                                    The best quality ‘Thiruthali’ variety, Premium Quality Single Origin, 8 mm Extra Bold
Farm Direct Produce, Permaculture based, organically grown produce handpicked  from the farm of Sarad Patil, at Anakkara in Idukki district of Kerala."
54,"Premium Carom Seed / Bishop’s Weed Whole – 100 gm (Single Origin, Farm Direct Produce, Organically Grown & Made in small batches)",,Rs. 389,,,,,//cdn.shopify.com/s/files/1/0450/4161/5010/products/AjwainSeedsWhole2_x360.jpg?v=1611403425,"Premium & Limited edition Single Origin Bishop’s Weed (Carom) Whole. These seeds impart a rich aroma and a subtle taste to  dishes of Indian. These finest quality ajwain seeds are sourced from selected organic farmers of Gujarat.


"
55,"Premium Curry Leaves Whole (Dried)– 50 gm (Single Origin, Farm Direct Produce, Organically Grown & Made in small batches)",,Rs. 389,,,,,//cdn.shopify.com/s/files/1/0450/4161/5010/products/CurryLeavesWhole_x360.jpg?v=1623565576,"Premium & Limited edition Single Origin Curry Leaves Whole collected from the homestead of certified organic farmers of Kerala, dried in shade and packed in flavour locked jar
Handpicked, homestead produce from an organic and fair trade farmer, Ravi at Moolankavu in Wayanad district of Kerala;  following the rules of permaculture, this produce is grown and secured without harming the natural ecosystem.

"
56,"Premium Brindleberry (Malabar Whole) – 200 gm (Single Origin, Farm Direct Produce, Organically Grown & Made in small batches)",Rs. ,Rs. ,Rs. ,,Rs. ,,//cdn.shopify.com/s/files/1/0450/4161/5010/products/Brindleberry_MalabarTamarind_x360.jpg?v=1623564736,"Premium & Limited edition Single Origin. Carefully handpicked and sundried.                                                                                                                                                                                                                                          Sourced from  geographically blessed Western Ghats mountain ranges that brings the best available Malabar Tamarind.
High quality produce from the homestead of an organic farmer, Wilson at a small hilly village of Muttathuplavu in Calicut district of Kerala. He follows the rules of permaculture in his cultivation land and make sure no harm is done to our natural ecosystem

"
57,"World’s Finest Gourmet Premium Vanilla Whole - 10 gm (Single Origin, Farm Direct Produce, Organically Grown & Made in small batches)",Rs. ,Rs. ,Rs. ,,Rs. ,,//cdn.shopify.com/s/files/1/0450/4161/5010/products/GourmetPremiumVanillaWhole_259c44e4-7964-4f38-9cfb-43c858722250_x360.jpg?v=1623647932,"Premium & Limited edition Single Origin Gourmet Grade Vanilla Pods.
Vanilla is the fruit of a variety of orchid plant. Its dried pods are used to add flavour to sauce, ice cream, beverages and desserts"
58,"Premium Dry Allspice Whole – 100 gm (Single Origin, Farm Direct Produce, Organically Grown & Made in small batches)",,Rs. 519,,,,,//cdn.shopify.com/s/files/1/0450/4161/5010/products/AllspiceWhole_647ce24a-0733-4e75-9633-b72421f81e54_x360.jpg?v=1623564274," Premium & Limited edition Single Origin Dry Allspice Whole - made from the dried berries of Pimenta dioica. The flavor of allspice is the combination of cinnamon, cloves, nutmeg, and pepper;  is widely used both in cooking and baking.
Handpicked, homestead produce, sourced from an organic and fair trade farmer, Ravi, at Moolankavu of Wayanad district in Kerala. He follows permaculture based farming in his homestead and make sure no harm is done to the natural ecosystem
"
59,"Premium Bird’s Eye / Thai Chilli  Dried – 100 gm (Single Origin, Farm Direct Produce, Organically Grown & Made in small batches)",,Rs. 808,,,,,//cdn.shopify.com/s/files/1/0450/4161/5010/products/Bird_sEyeChilliKanthariChilli_x360.jpg?v=1623564504," Premium & Limited edition Single Origin; sourced form the homestead of certified organic farmers of Kerala. 
Homestaed produce from an organic fair trade farmer, Ravi at Moolankavu in Wayanadu district of kerala. Following the rules of permaculture, this produce is grown and secured  without harming the natural ecosystem.
"
60,"Premium Dry Long Pepper Whole – 100 gm (Single Origin, Farm Direct Produce, organically Grown & Made in small batches)",,Rs. 519,,,,,//cdn.shopify.com/s/files/1/0450/4161/5010/products/LongPepperWhole_x360.jpg?v=1623566787,"Long pepper, an essential ingredient of ayurvedic medicines is sourced from Western Ghats region of Kerala.
This handpicked homestead produce is sourced from an organic and fair trade farmer, Ravi, at Moolankavu of Wayanad district in Kerala. He follows permaculture based farming in his homestead and make sure no harm is done to the natural ecosystem
"
61,"Gift Pack of 5 Indian Spices - 100 gm Each Cardamom, Clove, Cinnamon Stick, Black Pepper, Mace",,,,,Rs. 2691,,//cdn.shopify.com/s/files/1/0450/4161/5010/products/Combo_1_x360.jpg?v=1623587214,"Homestead spices from Western Ghats region of Kerala
Collected from farmers who practice organic way of cultivation and also in the fair trade network. Processed and packed in a traditional way. Free from pesticides and other chemical impurity.
"
62,Combo offer of Allspice Whole and Black Pepper Whole - 100 gm each,Rs. ,Rs. ,Rs. ,,Rs. ,,//cdn.shopify.com/s/files/1/0450/4161/5010/products/allspice-wooden-bowl-black-pepper-isolated-white-background_x360.jpg?v=1622259988,"Sourced from organic and fair trade farmers of Kerala
Single origin and  small batched products
"
63,"Premium Chilli Whole – 50 gm (Single Origin, Farm Direct Produce, Organically Grown & Made in small batches)",Rs. 389,,,,,,//cdn.shopify.com/s/files/1/0450/4161/5010/products/ChilliWhole_x360.jpg?v=1623564827," Premium & Limited edition Single Origin,  Carefully sourced from organic farmers of Guntur of Andra Pradesh who follow the rules of permaculture, this produce is grown and secured without harming the natural ecosystem."
64,"Combo Offer of Spices - Cardamom, Clove & Black Pepper - 100 gm each",,,,,,Rs. 1559,//cdn.shopify.com/s/files/1/0450/4161/5010/products/Combo_4_x360.jpg?v=1623586502,"
Sourced from homestead organic and fair trade farmers of Western Ghats region, Kerala
Single-origin & small batched products & free from pesticides & other chemical impurities.
Perfect gifting option."
65,High Curcumin Lakadong Turmeric Powder - Directly sourced from the organic farmers of Lakadong Village - East and West Jantia Hills of Meghalaya,Rs. 259,Rs. 324,Rs. 584,,Rs. 1039,,//cdn.shopify.com/s/files/1/0450/4161/5010/products/LAWT02WT_x360.jpg?v=1622795380,"Lakadong turmeric, considered the best turmeric in the world, has the highest curcumin content of minimum 8%.  It has a distinct aromatic flavor and light brown colour compared to ordinary varieties of turmeric.                                                                                                                                                                                                           This product is ethically sourced through farmer’s groups in the Lakadong village. handpicked, sorted and washed three to four times, then sliced into small pieces and  sun dried and  powdered in small batches. This turmeric is not oil extracted, is 100 % free from any kind of pesticides, additives or preservatives.
"
66,"Travancore Nutmeg Powder - Organically Grown, Single origin & Homestead produce",Rs. 259,Rs. 389,Rs. 584,,Rs. 1300,,//cdn.shopify.com/s/files/1/0450/4161/5010/products/NUTMEGPOWDER100gm_x360.jpg?v=1624811465," Finest quality Travancore Nutmeg sourced from an organic certified farmer at Moolankavu village of Sulthan Bathery at Wayanad, in Kerala with authentic source certification details. Product is handpicked in small batches and hygienically packed as per stringent quality standards.
100% natural and organically grown local variety. No hybrid variety is sourced. No preservatives, additives or flavours added.
Nutmeg is used in skincare for its anti-microbial and anti-inflammatory properties. It helps in detoxifying the body, clearing out toxins from the liver and kidneys.
It is also good for digestive issues such as constipation, gas trouble etc. It is helpful for dental care. It is used in puddings, cookies and spice cakes etc.
"
67,"Allspice Powder (Gourmet Grade Spice Powder) - (Jamaican Pepper powder) - Ground allspice from organically grown, single origin homestead produce)",Rs. 324,Rs. 454,Rs. 714,,Rs. 1560,,//cdn.shopify.com/s/files/1/0450/4161/5010/products/allspicepowder100gm_x360.jpg?v=1624765457," Single origin, organically grown and homestead produce of an organic and fair trade certified farmer in Wayand, Kerala. Freshly handpicked allspice berries are hygienically  powdered  in small batches as per international quality standards.
100% pesticide and chemical free, free from any kind of preservatives or additives.                                                                                                                                                                                                                                               Allspice has a unique flavour combination of pepper, clove, cinnamon and nutmeg.  Allspice powder can be sprinkled on cakes, desserts, preserves and fruit pies,  in  Seasoning blends  for meats, fish,  soups, stews and curries.
"
68,Dry Ginger Powder (Organically grown & Single origin produce) ,Rs. 259,Rs. 389,Rs. 714,,Rs. 1557,,//cdn.shopify.com/s/files/1/0450/4161/5010/products/gingerpowder100gm_x360.jpg?v=1624768677," Premium gourmet quality spice powder sourced from an organic and fair trade certified farmer in Wayanad, Kerala. This is a local variety called ‘Maran’                                                                                                                                                                                       Fresh ginger root skin is peeled, washed three times, sliced, solar dried , and then powdered.
0% pesticide/  insecticide/ fungicide free. Free of preservatives, and added flavours.                                                                                                                                                                                                                             Ginger is a immunity booster.  Dried ginger powder is used in spices and masalas for gravies, curries, marinades, stews. 
"
69,"Cardamom Seeds Powder (Organically grown, Single origin & Homestead produce)",Rs. 584,Rs. 1039,Rs. 1949,,Rs. 4550,,//cdn.shopify.com/s/files/1/0450/4161/5010/products/cardamompowder50gm_x360.jpg?v=1624765764," Single origin, organically grown, pesticide free and homestead produce from the world’s best spice- producing mountain ranges- the Western Ghats of India.
100% natural, no colour, preservatives or additives added. Gluten Free | Vegan | Non-GMO | Non-ETO |Non –irradiated.
Only fresh harvest is sourced in small batches  from a certified organic farmer in Idukki, Kerala.
Cardamom is widely used as a flavouring agent in desserts, beverages, sausage, vegetable dishes and savoury meat and fish recipes.
"
70,"Fresh ground True cinnamon (Cinnamomum verum) (Organically grown, Single origin & homestead produce from Kerala)",Rs. 259,Rs.  520,Rs. 584,,Rs. 1560,,//cdn.shopify.com/s/files/1/0450/4161/5010/products/keralacinnamonpowder_x360.jpg?v=1624952358,"True Cinnamon of finest quality, organically grown, single origin, homestead produce of  organic and fair trade certified farmers in Wayanad, Kerala
Fresh cinnamon bark is handpicked, carefully sorted, shade- dried,  powdered fine and packed in lock glass jars/tins to retain maximum flavour.
This cinnamon powder is true, and not cassia. True cinnamon powder has very delicate mild sweet flavor, is light brown or tan brown colour. Cassia powder is very dark brown colour and has very hot, spicy and pungent smell

"
71,Curry Leaves Powder,Rs. 249,Rs. 349,,,,,//cdn.shopify.com/s/files/1/0450/4161/5010/products/CurryLeavesPowder50gm_x360.jpg?v=1624951730,"100% organic and pure, natural curry leaves  sourced from the homestead produce of fair trade farmers of Kerala.
No additives, colours or preservatives added. Fresh water washed and solar dried.
Curry leaves are a rich source of vitamin B. "
72,"Special Graded Ground Malabar Pepper Powder -Organically Grown, Single Origin & Homestead Produce",Rs. 259,Rs. 389,Rs. 649,,Rs. 1299,,//cdn.shopify.com/s/files/1/0450/4161/5010/products/blackpepper50gm_x360.jpg?v=1624769117,"Special- Graded and sourced from a fair traded and organic certified farmer, Ravi from Wayanad in Kerala.
Only the latest and freshest batch is procured. No oil extracted spice is used for making powder. High oil content is ensured.
"
73,Bay Leaf Powder - (Organically grown and homestead produce),Rs. 259,Rs. 317,Rs. 757,,Rs. 1299,,//cdn.shopify.com/s/files/1/0450/4161/5010/products/bayleavespowder100gm_x360.jpg?v=1624765425,"100% natural, organically grown, vegan, Non- GMO, Non-ETO, Non-irradiated product. No chemicals, pesticides, preservatives added
Premium quality leaves  are shade dried, powdered and packed with exceptional care.
Gives a pleasant aroma and enhances the taste of dishes. Used in spice blends like garam masala, or in biryanis, rice dishes, soups, curries. stews, soups, and marinades.
Bay leaf is  anti-fungal, anti-inflammatory and can be used as remedy to relieve pain, improve menstrual health, and treat cold & cough
"
74,"Ground White Pepper  (Organically Grown, Single Origin & Homestead Produce)",Rs. 324,Rs. 454,Rs. 779,,Rs. 1708,,//cdn.shopify.com/s/files/1/0450/4161/5010/products/whitepepperpowder100gm_x360.jpg?v=1624769307,"Package Contents: Special Graded White Pepper Powder. We are not using any chemical process to make white pepper/powder. Only handmade and mechanical process is applied
We make special grade White Pepper from the special graded Malabar Black pepper undried one, sourced from a fair traded and organic certified farmer based in Wayanad, Kerala. Made in small batches. No oil extracted spice is used for making powder."
75,Ground Long Pepper (Organically Grown/Single Origin & Homestead Produce),Rs. 324,Rs. 454,Rs. 714,,Rs. 1299,,//cdn.shopify.com/s/files/1/0450/4161/5010/products/longpepperpowder100gm_x360.jpg?v=1624768771,"Best quality, organically grown, single origin, from a fair traded and organic certified farmer in Wayanad in Kerala.                                                                                                                                                                          Free from additives, pesticides, preservatives or colour enhancing agents. No oil taken. Non- GMO, Vegan, Gluten free, Non-irradiated. Solar dried, hand-picked and hygienically packed.
Indian long pepper is widely used in ayurvedic medicines. It improves appetite, digestion, stomachache and diarrhea. It is also used for lung problems such as asthma, bronchitis, cough, throat pain and fever.  It has good anti-septic and anti-biotic properties"
76,"Ground Mace  (Organically Grown, Single Origin & Homestead Produce)",Rs. 454,Rs. 779,Rs. 1299,,Rs. 3575,,//cdn.shopify.com/s/files/1/0450/4161/5010/products/macepowder100gm_x360.jpg?v=1624768786,"100% Natural, Organic, Non-GMO, No Preservatives, Vegan, Gluten free, non-irradiated premium Gourmet Food Grade Spice, sourced from an organic and fair traded farmer in Wayand district of Kerala.                                  This is organically certified and ethically sourced,  handpicked, manually sorted and hygienically processed mace as per international quality standards.                                                                                                                                            Ground mace is used as a  flavouring in curries, pickles, sauces, stews, desserts and baked products."
77,Fresh and Natural Turmeric Powder (Organically grown & Single origin produce with source details),Rs. 194,Rs. 259,Rs. 389,,Rs. 714,,//cdn.shopify.com/s/files/1/0450/4161/5010/products/turmericpowder100gm_x360.jpg?v=1624952782,"Sourced from an organic and fair trade certified farmer in Wayanad, Kerala with authentic source certification in every batch.
Non-GMO, non- hybrid variety is sourced and 100% free of pesticides, insecticides, fungicides, preservatives .                                                                                                                                                                         Handpicked turmeric root is washed three to four times, then sliced into pieces,  sun-dried and then  powdered.

"
78,"Ground Cloves   (Organically Grown, Single Origin & Homestead Produce)",Rs. 324,Rs. 454,Rs. 714,,Rs. 1299,,//cdn.shopify.com/s/files/1/0450/4161/5010/products/clovepowder50gm_x360.jpg?v=1624766749,"Single Origin 100% natural, organically grown, fair traded and ethically sourced cloves from western ghats of Kerala.  Non-GMO, No Preservatives, Vegan, Gluten free with zero pesticides, chemicals or preservatives.                                            Has high Oil Content, is rich in flavor, Handpicked, manually sourced and hygienically packed and powdered as per international quality standards."
79,Ground Star Anise,Rs. 298,Rs. 519,Rs. 714,,Rs. 1560,,//cdn.shopify.com/s/files/1/0450/4161/5010/products/STARANISEPOWDER50gm_x360.jpg?v=1624769018," Premium gourmet grade spice powder,  100% Natural, Non- GMO, No Preservatives and Artificial Colors, Vegan.
"
80,Fresh & Natural Black Cardamom Powder ,Rs. 298,Rs. 649,Rs. 714,,Rs. 1364,,//cdn.shopify.com/s/files/1/0450/4161/5010/products/blackcardamom50gm_x360.jpg?v=1624765691,"Freshly Handpicked berries, Organically sourced from women farmers’ network of organic state of Sikkim, are ground and packed in glass jar to retain the freshness, flavour and aroma. Made small batches.
No chemicals, no pesticides or no additives added. Non- GMO, Non- ETO, non-irradiated produce. er
Black Cardamom has many antioxidants, vitamin C and the essential minerals such as potassium &  is a natural remedy for respiratory problems such as asthma, cold, cough and bronchitis
"
81,Freshly Ground True SriLankan / Ceylon Cinnamon Powder (Cinnamomum verum),Rs. 259,Rs. 389,Rs. 649,,Rs. 1560,,//cdn.shopify.com/s/files/1/0450/4161/5010/products/ceylonecinnamonpowder_x360.jpg?v=1626363969," Sourced directly from organically grown co-op farms of Sri Lanka.
Gourmet cinnamon with full oil content. No oils taken.100% Natural, Non-GMO, Organically Grown & Non-Irradiated. Vegan, Gluten free, preservative & Additives free
Cinnamon is  an aromatic flavouring agent used in a many cuisines, savoury dishes, biriyani's, soups, snacks, breakfast cereals, teas and coffee."
82,"Brindleberry Powder (Garcinia Cambogia /Malabar Tamarind) - Organically grown, Single Origin & Homestead produce",Rs. 325,Rs. 779,,,Rs. 1557,,//cdn.shopify.com/s/files/1/0450/4161/5010/products/brindleberry_3e3f703a-0162-499b-ae86-505eb1094f42_x360.jpg?v=1624951350,Processed from the organically grown Malabar tamarind trees and sundried in a hygienic environment and  powdered  in-house.
83,Ground Bird's Eye  /Thai Chilli Powder,Rs. 519,Rs. 1008,Rs. 1560,,Rs. 3120,,//cdn.shopify.com/s/files/1/0450/4161/5010/products/bd_x360.jpg?v=1617207079,"Finest graded homestead spice from organic farmers network in Wayanad. Pesticide free, chemical free, Non- GMO, Non-ETO, Vegan, Non-irradiated and Gluten free.                                                                               Handpicked, hygienically packed and ground in small batches only. No added colours, preservatives, additives or chemicals.                                                                                                                                                               Hotness range from 50,000- 1,00,000 SHU( Scoville heat units). Has medicinal properties including the capacity to reduce hypertension and cholesterol.
"
84,100% Pure and natural Vanilla powder from Kerala – Made from Grade A Vanilla Pods        10 G : Rs. 1039               25 G : Rs. 2600,Rs. 5460,Rs. 870-,"Rs. 15,309",,"Rs. 28,309",,//cdn.shopify.com/s/files/1/0450/4161/5010/products/1233_x360.png?v=1622894231,"Finely ground vanilla beans powder, sourced from the best quality vanilla beans from  organic and fair trade farmers’ network in Kerala
No pesticides, Chemicals, Additives or Preservatives added. 100% Natural, Organic, Non-GMO, Vegan, Gluten free, non-irradiated premium Gourmet Food Grade Spice.
Our A grade grade vanilla powder has a rich creamy flavour along with a heavenly aroma. "
85,Special Combo Pack of Cardamom Seed+Cardamom Seed Powder - 50 Gm,,Rs. 1039,,,,,//cdn.shopify.com/s/files/1/0450/4161/5010/products/Combo_6_x360.jpg?v=1625466039,"Organically grown and made from finest quality of Cardamom, seeds. Sourced from organic and fair traded farmers network  of Idukki district of Kerala.
No artificial colours, flavors or preservatives added. Gluten-free, non irradiated."
86,Special Combo Pack of Cardamom Seeds Powder + Black Pepper Powder - 50 Gm Each,,Rs. 779,,,,,//cdn.shopify.com/s/files/1/0450/4161/5010/products/Combo_5_x360.jpg?v=1625466336,"Finely grounded organic spice powders from Kerala for your daily needs.
Manually picked. Small batch production only."
87,Special Combo Pack of Clove Powder + Black Pepper Powder - 50 Gm Each,,Rs.  428,,,,,//cdn.shopify.com/s/files/1/0450/4161/5010/products/Combo_7_x360.jpg?v=1625466612,"Manually picked . Small batch production only.
"
88,Special Combo Pack of Black Pepper Powder + White Pepper Powder – (50 gm Each),,Rs.  454,,,,,//cdn.shopify.com/s/files/1/0450/4161/5010/products/Combo_3_c6501a32-cf1a-4cca-8271-72e23186ab6a_x360.jpg?v=1625466870,"Finely grounded organic spice powders from Kerala for your daily needs.
Manually picked. Small batches production only. Ground only once order is placed. "
89,Special Combo Pack of Cardamom Seeds Powder + Black Pepper Powder + Clove Powder – (50 gm Each),,Rs. 1106,,,,,//cdn.shopify.com/s/files/1/0450/4161/5010/products/Combo_6_da147c87-78a1-4064-a7f0-fd267cfd370a_x360.jpg?v=1625466975,"Finely grounded organic spice powders from Kerala for your daily needs
Manually picked. Small batches production only. Ground only once order is placed. "
90,Special Combo Pack of Mace Powder (Javitri) + Nutmeg Powder ( 50 gm Each),,Rs. 649,,,,,//cdn.shopify.com/s/files/1/0450/4161/5010/products/Combo_10_x360.jpg?v=1625467067,"Finely grounded organic spice powders from Kerala for your daily needs.
Manually picked. Small batches production only. Ground only once order is placed. "
91,"Gift Boxes of5 KERALA Spice Powders  - 100 gm Each of Cardamom, Black Pepper, Clove, Cinnamon and Nutmeg",,,,,Rs. 2860,,//cdn.shopify.com/s/files/1/0450/4161/5010/products/Combo_12_x360.jpg?v=1625561300,"Specially Packed Kerala Spices in eco friendly gift box
Perfect Gift for your dear and near ones.
A premium quality gift item from the house of looms & weaves (LAW)"
92,Combo Offer - (100 gm Black Pepper Powder + 100 gm Cinnamon Powder + 100 gm Cardamom Seed Powder),,,,,,Rs. 956,//cdn.shopify.com/s/files/1/0450/4161/5010/products/Combo_4_63b88f65-e7a3-47de-af04-50889cda6467_x360.jpg?v=1625467490,"Sourced from organically grown Travancore nutmeg growers in Kerala and ground in-house.
No additives, Colours or preservatives added
"
93,Combo Offer - (100 gm Cardamom Seed Powder + 100 gm Nutmeg Powder),,,Rs. 1234,,,,//cdn.shopify.com/s/files/1/0450/4161/5010/products/Combo_2_c932edb5-d1cd-4e4e-a6f3-4b34d3d7445f_x360.jpg?v=1625467629,"100 % pure and natural spice powders
Sourced from  organically grown Travancore nutmeg growers in Kerala and ground in-house. No additives, Colours or preservatives added
"
94,Combo Offer (100 gm Nutmeg Powder + 100 gm Mace Powder),,,Rs. 907,,,,//cdn.shopify.com/s/files/1/0450/4161/5010/products/Combo_3_d7f257a9-3be8-4a1e-9dd7-dc2e3767179e_x360.jpg?v=1625467746,"100 % pure and natural spice powders. No additives, Colours or preservatives added
Sourced from the organically grown Travancore nutmeg growers in Kerala and ground in-house.
"
95,Combo Offer (100 Black Pepper Powder + 100 gm Cardamom Seed Powder + 100 gm Clove Powder,,,,,,300 G  : Rs. 1358,//cdn.shopify.com/s/files/1/0450/4161/5010/products/Combo_1_9538b464-2ef1-4f17-8ff4-7ffa329755dc_x360.jpg?v=1625626524,"Sourced from the organically grown farms of marginal farmers of western ghats of Kerala
"
96,Monthly Economy Premium combo pack of spice powders,,,,,,,//cdn.shopify.com/s/files/1/0450/4161/5010/products/AMF08529_x360.jpg?v=1604843020,"Spices powders Combo pack for your family
All are organically grown spices and sourced from single farm
"
97,Monthly Economy combo pack of spice powders,,,,,,,//cdn.shopify.com/s/files/1/0450/4161/5010/products/AMF08520_5222a911-a919-4d3b-b429-8645b02854d1_x360.jpg?v=1604297285,"Basic spices powders Combo pack.
All are organically grown spices and sourced from single farm"
98,"Crushed White Pepper (Medium Ground) - Organically Grown, Single Origin & Homestead Produce- 100 gm",,Rs. 389,,,,,//cdn.shopify.com/s/files/1/0450/4161/5010/products/crushedwhitepepper100gm_x360.jpg?v=1624951565," Special Graded Crushed White Pepper, sourced from a fair traded and organic certified farmer based in Wayanad, Kerala. Made in small batches. No oil extracted form spice when ground.  
Organic, pesticide and chemical free, Non- GMO, Non-ETO, Vegan, Gluten free."
99,"Cardamom Seeds/ Decorticated -  (Tiny, Fragrant Seed, removed from the Cardamom pod) - 100 gm",,Rs. 1108,,,,,//cdn.shopify.com/s/files/1/0450/4161/5010/products/cardamomseeds100gm_x360.jpg?v=1624765813,"Single origin, organically grown, pesticide free and homestead produce from the world’s best spices producing mountain ranges- Western Ghats.
100% natural, no colour, preservatives or additives added. Gluten Free | Vegan | Non-GMO | Non-ETO |Non –irradiated Premium Gourmet Food Grade Spice
Seeds are sourced from a certified organic farmer in Idukki, Kerala. Only fresh harvest is sourced in small batches.
"
100,Premium Quality Chilli Powder (Organically Grown & Single Origin),,,,Rs. 324,Rs. ,,//cdn.shopify.com/s/files/1/0450/4161/5010/products/chilli_x360.jpg?v=1624766415,"Single Origin, Non-GMO, Vegan, Gluten free Premium Gourmet Food Grade Chilli Powder
No artificial Colours, preservatives, additives added
Made from best quality Chili  with natural oils. Sourced from the organic Chilli farmers of Guntur, Andra Pradesh
"
101,Premium Quality Kashmiri Chilli PowdeR (Organically Grown & Single Origin),,,,Rs. 325,Rs. 649,1 Kg  : Rs 1299,//cdn.shopify.com/s/files/1/0450/4161/5010/products/kashmirichilli_x360.jpg?v=1624951845,"Single Origin, Non-GMO, Vegan, Gluten free Premium Gourmet Food Grade Kashmiri Chilli sourced from the organic farmers of Kashmir ,washed several times, sundried and  ground in house. No artificial Colours/ No preservatives/No additives added. No oils are extracted during the process.

"
102,Premium Quality Coriander Powder  (Organically Grown & Single Origin),,,,Rs. 324,Rs. 649,1 KG : Rs. 1299,//cdn.shopify.com/s/files/1/0450/4161/5010/products/coriannderpowder_x360.jpg?v=1624767119,"Single Origin, Non-GMO, Vegan, Gluten free. No artificial Colours, preservatives, additives added
 Gourmet Food Grade, Sourced from the organic coriander farmers of Ramganj Mandi in Kota, Rajasthan
"
103,Premium Quality Garam Masala Powder (Organically Grown & Single Origin),,,,Rs. 324,Rs. 650,1 KG : Rs. 1300,//cdn.shopify.com/s/files/1/0450/4161/5010/products/Garam1_x360.jpg?v=1607536802,"Non-GMO, Vegan, Gluten free Premium Gourmet Food Grade Spice mix Powder
Made from best quality spices. Sourced from the best organic farmers across India. No artificial Colours/ No preservatives / No additives added
"
104,Premium Quality Cumin Powder (Organically Grown & Single Origin),,,Rs.  389,,Rs. 649,1 KG : Rs. 1299,//cdn.shopify.com/s/files/1/0450/4161/5010/products/cuminpowder_x360.jpg?v=1624951626,"Non-GMO, Vegan, Gluten free Premium Gourmet Food Grade Cumin Powder
No artificial Colours/ No preservatives / No additives added
Made from best quality Cumin whole with natural oils. Sourced from the organic Cumin farmers of Surendra Nagar dstrict of Gujarat
Made only in small batches to retain the flavour."
105,Premium Quality Fennel Powder (Organically Grown & Single Origin),,,,Rs. 324,Rs. 649,1 KG : Rs. 1299,//cdn.shopify.com/s/files/1/0450/4161/5010/products/fennelpowder_x360.jpg?v=1624767482,"Non-GMO, Vegan, Gluten free Premium Gourmet Food Grade Fennel Powder
Made from best quality fennel whole with natural oils. Sourced from the organic fennel seeds farmers of Gujarat
No artificial Colours/ No preservatives / No additives added
"
106,Premium Quality Fenugreek Powder  (Organically Grown & Single Origin),,,Rs. 454,,Rs. 649,1 KG : Rs. 1299,//cdn.shopify.com/s/files/1/0450/4161/5010/products/fenugreekpowder_x360.jpg?v=1624767557,"Non-GMO, Vegan, Gluten free Premium Gourmet Food Grade Fenugreek Powder
Made from best quality fenugreek whole. Sourced from the organic fenugreek farmers of Gujarat
No artificial colours/No preservatives/No additives added

"
107,Premium Quality Mustard Whole - (Organically Grown & Single Origin),,,Rs. 324,,Rs. 519,1 KG : Rs. 909,//cdn.shopify.com/s/files/1/0450/4161/5010/products/Mustardwhole_x360.jpg?v=1623682867,"Non-GMO, Vegan, Gluten free Premium Gourmet Food Grade Spice Whole
No artificial colours/ preservatives / additives added
Our special graded mustard is sourced from the selected organic farmers of Rajasthan. Carefully sourced mustard whole is washed 2-3 times and then dried in sun."
108,Premium quality Asafoetida Powder ,,Rs. 649,Rs. 1557,,Rs. 3899,,//cdn.shopify.com/s/files/1/0450/4161/5010/products/Asafetida1_x360.jpg?v=1607538152,"Special grade Asafoetida made from Natural first extract, sourced from Afghanistan
No artificial flavour or artificial colours added
"
109,Cardamom Seed Powder - 100 gm,,Rs. 909,,,,,//cdn.shopify.com/s/files/1/0450/4161/5010/products/812gVdQjQvL._SL1500_x360.jpg?v=1644840537,"Organically grown, homestead spice, sustainably sourced from small farmers’ networks in Northern Kerala, India. Processed without the use of toxic pesticides, irradiation, or genetically engineered products.
"
110,"100% Pure, Natural and Unrefined Coconut Sugar Powder - Natural Sweetener / Sugar Alternative /Unrefined / Vegan / Organically grown",,,,Rs. 519,Rs. 1026,1 KG : Rs. 1820,//cdn.shopify.com/s/files/1/0450/4161/5010/products/CoconutSugarPowder_x360.jpg?v=1639901420,"100% natural, organically grown ,gluten-free, non- GMO, unrefined, unbleached Natural Sweetener -a  perfect replacement for white sugar with a  low glycaemic index food of 35. Coconut sugar is a super food, it has more vitamins and minerals than normal white sugar. This sugar is also rich with vitamin C, potassium, phosphorus, magnesium, calcium, zinc, iron, and copper
Sourced from certified organic coconut farms of fair trade farmers’ network in Kerala. Made from the finest quality coconut flower nectar. Made in small batches.
An ideal sugar replacement for people with  diabetes."
111,NATURAL PALMYRA Jaggery ( UNREFINED PALM SUGAR) Powder ,,,,RS. 454,Rs. 1037,1 KG : Rs. 1820,//cdn.shopify.com/s/files/1/0450/4161/5010/products/PalmJaggeryPowder_x360.jpg?v=1639906570,"100% pure, natural palmyra palm source. An ideal alternative for brown and white sugar. The colour of palm jaggery varies from brown to dark brown depending on place of origin and processing.                                               Palm jaggery is made naturally and is a rich source of minerals and vitamins, made from organically grown palm trees of western ghats region of Kerala – Tami Nadu border.                                                                                   It is prepared using traditional methods without adding any chemicals or preservatives It is a great source of iron, magnesium and potassium

"
112," Honey from Kerala - % Pure, Natural & Ethically Sourced, Raw, Unprocessed, Unfiltered & Unpasteurized",Rs. ,Rs. ,Rs. ,,Rs. ,,//cdn.shopify.com/s/files/1/0450/4161/5010/products/RawHoney_x360.jpg?v=1640856553," 100% Pure, Raw, Natural, Unprocessed, Unfiltered,  Unpasteurized Natural Honey directly sourced  from an experienced bee keeper farmer in Kasargod district of Kerala. Of Single,  thereby  ensuring regular homogeneity in quality, flavor, taste, colour.
It is ethically sourced and cruelty free; no bee is being harmed during honey harvesting . No Preservatives, Artificial Flavors,  Additives, Colours added Raw and  contains all naturally occurring anti-oxidants, pollen, enzymes, vitamins and minerals. Raw honey has 22 essential amino acids.
Good for weight loss and digestion, boost immunity, relieves cough and cold. Raw honey can heal wounds, reduce infection and can  prevent the entry of harmful bacteria into your body due to the presence of anti-oxidants.
Raw wild honey is good for skincare and is a good anti-ageing agent. It is good for hair health. Raw honey nourishes skin, heal wounds and repairs damaged cells.
"
113,"Special Gift Pack of Raw, Unprocessed & Unfiltered Natural Honey and Forest Honey - (500 gm Each)",Rs. ,Rs. ,Rs. ,,Rs. ,,//cdn.shopify.com/s/files/1/0450/4161/5010/products/RawHoney_WildHoney_x360.jpg?v=1640857081,"Forest  and natural honey (100% Pure, Raw, Unprocessed, Unfiltered & Unpasteurized sourced from experienced bee keepers from  the deep forests of western ghats of Kerala)
Perfect gift option to your dear ones. It is a pure, natural and unadulterated produc, ethically sourced so as not to harm wild bees and their ecosystems
No Preservatives, Artificial Flavors,  Additives &  Colours added . Raw honey is a natural immunity booster and weight loosing agent.  It is good for digestion, boost immunity, relieves cough and cold
"
114,Natural Organically Grown Unprocessed Raw Jaggery ( CANE SUGAR) Powder,,,,Rs. 389,,,//cdn.shopify.com/s/files/1/0450/4161/5010/products/JaggeryPowder_250gm_x360.jpg?v=1641363410,"100 % Pure & Healthy alternative to refined white sugar. Made from organically grown cane and prepared using traditional methods without adding any chemicals, preservatives or additives. It is raw, unprocessed and unbleached with  no sulphur added
It is rich in minerals such as magnesium iron, zinc. It is good for digestion, it is a good detoxifying agent. Good for immunity. Our jaggery is organically grown, rich in fibre, iron and vital nutrients.
"
115,100% Pure ‘RAW WILD HONEY’ from the Deep Evergreen Forests of Western Ghats of Kerala ,Rs. ,Rs. ,Rs. ,,Rs. ,,//cdn.shopify.com/s/files/1/0450/4161/5010/products/ForestHoney_x360.jpg?v=1639904034,"100% Pure Wild Honey - Raw, Unprocessed, Unfiltered & Unpasteurized,  collected from experienced  tribes from the deep forests in the Western Ghats region of Kerala. This wild forest honey comes from the nectar of wildflowers & wild trees of Kerala Forests. 
It is ethically sourced and ‘CRUELTY FREE HONEY’; no bee is being harmed during honey harvesting period by the tribals. Generally wild honey is taken after killing the bees and then hives are destroyed. We don’t source such honey and our tribesmen are trained not to harm wild bees and their ecosystems
Raw honey is a natural immunity booster and weight loosing agent. Good remedy for various diseases. It is good for digestion, boost immunity, relieves cough and cold. It has a  high amount of amino acids, enzymes, vitamins, minerals, bee pollens and anti-oxidants.
"
116,NATURAL PALMYRA Palm Jaggery BRICKS,,,,Rs. 519,Rs. 649,Rs.  1169,//cdn.shopify.com/s/files/1/0450/4161/5010/products/PalmJaggery6_x360.jpg?v=1618307827,"100% pure, natural palmyra palm source. An ideal alternative for brown and white sugar and is a rich source of minerals and vitamins.
It is made from organically grown palm trees from Kerala - TN border regions,   prepared using traditional methods without adding any chemicals or preservatives
"
117,100% Pure & Natural Raw Unprocessed PALMYRA Palm Jaggery MINI ROUNDELS,,,,Rs. 519,Rs. 649,Rs.  1169,//cdn.shopify.com/s/files/1/0450/4161/5010/products/PalmJaggery5_x360.jpg?v=1610002983,"100% pure, natural palmyra palm source. Its ideal alternative to brown and white sugar. Made naturally,  from organically grown palm trees of western ghats region of Kerala – Tami Nadu border and  is prepared using traditional methods without adding any chemicals or preservatives
Palm jaggery  is a great source of iron, magnesium and potassium, minerals and vitamins

"
118,"Pure, Natural and Unrefined Palm Sugar Powder- 250 gm",,,,Rs. 454,,,//cdn.shopify.com/s/files/1/0450/4161/5010/products/NaturalandUnrefinedPalmSugarPowder_2_x360.jpg?v=1640857786,"Palm sugar is a natural sweetener with the lowest glycemic index. It is an unrefined sugar, known to be rich in vitamins and minerals. It is widely used as a substitute to white and brown sugar.
It is 100% pure & natural. No additives, chemicals  or preservatives added
Contains various minerals such as Iron, Zinc, Phosphorus, Potassium, Manganese, Copper and phytonutrients such as Polyphenols, It is widely known for alleviating for ailments like cold, cough, asthma.
"
119,Homemade Palm Jaggery Syrup,Rs. ,Rs. ,Rs. ,,Rs. ,,//cdn.shopify.com/s/files/1/0450/4161/5010/products/PalmJaggerySyrup_x360.jpg?v=1640857539,"Made with only 100% organically grown, palm Jaggery. Pure and Homemade. A Natural Sweetener/White Sugar Substitute. Non- GMO and Low Glycemic
No preservatives, or additives added."
120,"100 % Pure, Natural and Unrefined Palm Sugar Crystals/Whole",,Rs. 259,,,,400 G :  Rs. 649,//cdn.shopify.com/s/files/1/0450/4161/5010/products/PalmSugarCrystalsWhole_x360.jpg?v=1640857365,"Palm sugar is a natural sweetener with the lowest glycemic index. It is unrefined sugar,   known to be rich in vitamins and minerals. It is widely used as a substitute to white and brown sugar
It is 100% pure & natural. No additives or preservatives added
Contains various minerals such as Iron, Zinc, Phosphorus, Potassium, Manganese, Copper and phytonutrients such as Polyphenols, It is widely known for alleviating for ailments like cold, cough, asthama etc.
"
121,Premium Dried Kashmiri Apricot - 250 gm,Rs. ,Rs. ,Rs. ,,Rs. ,,//cdn.shopify.com/s/files/1/0450/4161/5010/products/KashmiriApricot_1_x360.jpg?v=1625848184,"Premium, handpicked, Vegan, Gluten Free handpicked from Kashmir. 

"
122,"Gift Combo Pack of Premium Quality 4  Dry Fruits- Cashews, Premium Quality Almonds(Mamra) , Walnuts Kernels and Pistachios - (250 gm Each)",Rs. ,Rs. ,Rs. ,,Rs. ,,//cdn.shopify.com/s/files/1/0450/4161/5010/products/08_x360.jpg?v=1630947426,"Perfect Premium gift hamper of Dry fruits, loaded with the goodness of antioxidants, minerals and vitamins.
100% organically produced, handpicked, vegan, gluten-free, GMO-free, with no preservatives or additives, and only natural and plant-based ingredients.
"
123,"Gift Combo Pack of Premium Quality  3 Dry Fruits - Cashews, Premium Quality Almonds(Mamra) and Walnuts Kernals - (250 gm Each)",Rs. ,Rs. ,Rs. ,,Rs. ,,//cdn.shopify.com/s/files/1/0450/4161/5010/products/05_acb43188-6176-440f-b39c-20c0106819f0_x360.jpg?v=1630947511,"Premium gift pack of gourmet high-quality dry fruits combo loaded with the goodness of antioxidants, minerals and vitamins.
100% organically produced, handpicked, vegan, gluten-free, GMO-free, with no preservatives or additives, and only natural and plant-based ingredients.
"
124,"Gift Combo Pack of Premium Quality 3 Dry Fruits- Cashews,  Premium Quality Almonds(Mamra)  and Green Raisins - (250 gm Each)",Rs. ,Rs. ,Rs. ,,Rs. ,,//cdn.shopify.com/s/files/1/0450/4161/5010/products/06_x360.jpg?v=1630947600,"Premium gift pack of gourmet high-quality dry fruits . 100% organically produced, handpicked, vegan, gluten-free, GMO-free, with no preservatives or additives, and only natural and plant-based ingredients.
Perfect gift hamper for your friends, family, coworkers, clients, or anyone else you love & care about!"
125,Gift Combo Pack of Premium Quality 2 Dry Fruits- Cashews &  Premium Quality Almonds(Mamra) Almonds - (250 gm Each),,,,,Rs. 1401,,//cdn.shopify.com/s/files/1/0450/4161/5010/products/07_d91aca25-38ae-4634-8792-62dc20c4b451_x360.jpg?v=1629349894,"California Almonds of size W 210
Handpicked/Raw Vegan/Gluten Free
Eco-friendly Tin packaging to ensure the product is protected and fresh
"
126,"Gift Combo Pack of Premium Quality 3 Dry Fruits - Cashews, Premium Quality Almonds (Mamra) & Pistachios - 500 gm each",,,,,,Rs. 5322,//cdn.shopify.com/s/files/1/0450/4161/5010/products/09_x360.jpg?v=1630947864,"Premium gift box of Dry fruits - Delicious and nutritious surprise for your loved ones that is both tasty and crispy, and are loaded with the goodness of antioxidants, minerals and vitamins.
100% organically produced, handpicked, vegan, gluten-free, GMO-free, with no preservatives or additives, and only natural and plant-based ingredients.
"
127,Premium Dates- Mashrook Variety from Saudi Arabia - 300 gm,,,,,,Rs. 649,//cdn.shopify.com/s/files/1/0450/4161/5010/products/Mashrook_1_x360.jpg?v=1626064450,"Mashrook Variety from Saudi Arabia . Handpicked/ Raw Vegan/ Gluten Free
"
128,Premium Seedless Green Raisins,,,,Rs. 649,Rs. 1297,,//cdn.shopify.com/s/files/1/0450/4161/5010/products/Greenraisins_1_x360.jpg?v=1625848044,"Premium quality Seedless Green Raisins . Handpicked/ Raw Vegan/ Gluten Free
"
129,Premium Seedless Black Raisins,,,,Rs. 649,Rs. 1297,,//cdn.shopify.com/s/files/1/0450/4161/5010/products/BlackRaisins_1_x360.jpg?v=1625847295,"Premium quality. Eco-friendly Tin packaging to ensure the product is protected and fresh
"
130,Dehydrated Kiwi,,,,Rs. 844,Rs. 1687,,//cdn.shopify.com/s/files/1/0450/4161/5010/products/Kiwi_1_x360.jpg?v=1626061380,"Handpicked/ Raw Vegan/ Gluten Free
Eco-friendly Tin packaging to ensure the product is protected and fresh
"
131,Premium Dried Fig,,,,Rs. 1039,Rs. 2077,,//cdn.shopify.com/s/files/1/0450/4161/5010/products/Fig_1_x360.jpg?v=1640773881,"Premium Handpicked/ Raw Vegan/ Gluten Free
Eco-friendly Tin packaging to ensure the product is protected and fresh
"
132,Premium Walnut Kernels,Rs. ,Rs. ,Rs. ,,Rs. ,,//cdn.shopify.com/s/files/1/0450/4161/5010/products/WalnutKernels_1_x360.jpg?v=1625848568,"Premium quality Handpicked/ Raw Vegan/ Gluten Free
Ingredients:100% premium quality Walnut Kernels
"
133,Premium Roasted & Salted Pistachios,Rs. ,Rs. ,Rs. ,,Rs. ,,//cdn.shopify.com/s/files/1/0450/4161/5010/products/Pistachios_1_x360.jpg?v=1625848373,"Premium quality Roasted & Salted Pistachios . Handpicked/ Raw Vegan/ Gluten Free
Eco-friendly Tin packaging to ensure the product is protected and fresh
"
134,Premium Dried Turkish Apricot - 500 gm (250 x 2 gm Each),,,,,Rs. 1169,,//cdn.shopify.com/s/files/1/0450/4161/5010/products/Apricot_1_x360.jpg?v=1625847106,"Dried Seedless Turkish Apricot - Handpicked/Raw Vegan/Gluten Free
Eco-friendly Tin packaging to ensure the product is protected and fresh"
135,Premium Whole  Premium Quality  Almonds,Rs. ,Rs. ,Rs. ,Rs. 909,Rs. 1817,,//cdn.shopify.com/s/files/1/0450/4161/5010/products/Almonds_1_x360.jpg?v=1625846288,"100% Raw Whole Almonds sourced from Kashmir. Handpicked/Raw Vegan/Gluten Free
Eco-friendly Tin packaging to ensure the product is protected and fresh Store in a cool, dry place in this airtight container and if possible refrigerate after opening
"
136,"Premium Raw Cashew flour -  Gluten-free, & Grain-free, Vegan, Paleo-friendly & Unroasted - 250 gm",Rs. ,Rs. ,Rs. ,,Rs. ,,//cdn.shopify.com/s/files/1/0450/4161/5010/products/738a_x360.jpg?v=1617207105,"Cashew flour is a popular in gluten-free alternative to white flour in  cooking and baking. It can easily be used in cookies, muffins, and quick breads. Cashew flour is already sweet by nature. It has delicious creamy and nutty taste. Fine ground to be a perfect wheat or gluten-free flour substitute.
Sourced from organically grown cashew farms of Northern Kerala and processed in a very traditional way.                                                                                                                                                                                       Vegan/Dairy Free/Gluten Free/Non- GMO/ Paleo/ Vegan/Celiac/ Non- ETO/Non-Irradiated/No added Sugar/No salt/No preservatives/No Additives/No Flavours/No Chemicals."
137,Fried Cashew Nut - 250 gm,,,,Rs. 714,,,//cdn.shopify.com/s/files/1/0450/4161/5010/products/cashew-nuts-white_3_x360.jpg?v=1622538649,"No preservatives, additives or even nitrogen filled in our cashews.
Sourced from organic cashew farms of Northern Kerala and processed in a traditional way by SHG women.
Healthy snack owing to its rich mineral and low fat content. Have anti-inflammatory and anti-carcinogenic properties. Enhances the flavor of foods and beverages."
138,Premium Non-Roasted Cashew from Kerala - 500 gm,,,,Rs. 1169,,,//cdn.shopify.com/s/files/1/0450/4161/5010/products/UnRoastedCashew_1_x360.jpg?v=1629218693,"Non-roasted Cashew from Kerala - Healthy vegan snack and vegan substitute for milk
Rich with Vitamins and Minerals like Iron, Calcium and Potassium
"
139,Premium Quality Kerala Cashew (Salted & Red Chilli Roasted),,,Rs. 649,Rs. 1169,,,//cdn.shopify.com/s/files/1/0450/4161/5010/products/ChilliCashew_1_x360.jpg?v=1625928005,"Premium Quality Roasted & Chilli Kerala Cashew 
Processed from the organically grown cashews in Kerala
Healthy vegan snack and vegan substitute for milk, Rich with Vitamins and Minerals like Iron, Calcium and Potassium
"
140,Premium Quality Non- Roasted Cashew Nuts From Kerala,Rs. ,Rs. ,Rs. 649,Rs. 1169,,,//cdn.shopify.com/s/files/1/0450/4161/5010/products/UnRoastedCashew_1_5f635164-aa4c-4497-b34b-0f2b12078818_x360.jpg?v=1625928411," Premium Quality Non--roasted Cashew from Kerala  No preservatives, additives or  nitrogen.
Sourced from organic cashew farms of Northern Kerala and processed the traditional way.
Healthy snack owing to its rich mineral and low fat content. Have anti-inflammatory and anti-carcinogenic properties. Enhances the flavor of foods and beverages
"
141,Roasted & Salted Cashew Nuts From Kerala - 250 gm,,,Rs. 714,,,,//cdn.shopify.com/s/files/1/0450/4161/5010/products/Capture_6dc4d9f5-c9eb-4399-aaea-a1d4d1045dc5_x360.png?v=1622550078,"Premium Quality (W 210) from Kerala -Processed from organically grown cashews of Kerala
Healthy vegan snack and vegan substitute for milk
Tastier cashew nut compared to other varieties owing to geography and climate
"
142,Premium Quality Cashew (W 210) from Kerala - (Salted & Roasted) - 500 gm,,,,Rs. 1234,,,//cdn.shopify.com/s/files/1/0450/4161/5010/products/RoastedCashew_1_x360.jpg?v=1625928244,"Processed from organically grown cashews of kerala
Healthy vegan snack and vegan substitute for milk
"
143,Premium Quality Non-Roasted Cashew,,,,,,1 KG : Rs. 2337,//cdn.shopify.com/s/files/1/0450/4161/5010/products/nuts1_x360.jpg?v=1617207090,"Premium quality, organically grown and free from pesticides and chemicals. No preservatives, additives or even nitrogen filled in our cashews.
Sourced from organic cashew farms of Northern Kerala and processed in a  traditional way.
Healthy snack owing to its rich mineral and low fat content. Have anti-inflammatory and anti-carcinogenic properties. Enhances the flavor of foods and beverages
"
144,"Special Gift Pack of Kerala Cashews - (500 gm Each) - Unroasted, Salted and Roasted, Roasted & Chilly and Roasted & Pepper",,,,,,Rs. 4675,//cdn.shopify.com/s/files/1/0450/4161/5010/products/01_888f28d9-7374-4b17-97e9-c50ec50923eb_x360.jpg?v=1629433029,"Specially packed premium quality, for gifting purpose
100% Pure & Natural Kerala grown cashews
"
145,Special Gift Pack of Kerala Cashews - (500 gm Unroasted and 500 gm Roasted & Salted),,,,,,Rs. 2337,//cdn.shopify.com/s/files/1/0450/4161/5010/products/03_x360.jpg?v=1629350471,"Perfect gift hamper of Gourmet high-quality exotic Kerala Cashews.
Premium quality crunchy, delicious and nutritious, tasty and crispy. Cashews have a nutty flavour, creamy texture and loaded with the goodness of antioxidants, minerals and vitamins.
100% organically produced, vegan, gluten-free, GMO-free, with no preservatives or additives, and only natural and plant-based ingredients
"
146,Special Gift Pack of Kerala Cashews (250 gm Unroasted + 250 gm Roasted & Salted + 250 gm Fried Cashew,,,,,,Rs. 2336,//cdn.shopify.com/s/files/1/0450/4161/5010/products/02_481fa03f-87de-4338-b9aa-831bf1a52ad4_x360.jpg?v=1629350716,"Gift Pack of Kerala Cashews of a mix of flavours, containing crispy, absolutely fresh and delicious nuts."
147,Gift Pack of Kerala Cashews - (250 gm Each) - Unroasted +Salted and Roasted + Roasted & Chilly + Roasted & Pepper,,,,,,Rs. 3115,//cdn.shopify.com/s/files/1/0450/4161/5010/products/01_ca87f541-cf18-48a4-95da-54742e392e24_x360.jpg?v=1629433126,"Premium Quality Kerala Cashews- Organically grown cashews
Packed in premium quality eco friendly tins
"
148,100% Pure & Natural Cocoa Powder From Kerala Unsweetened Natural Cocoa Powder,Rs. ,Rs. ,Rs. ,,Rs. ,,//cdn.shopify.com/s/files/1/0450/4161/5010/products/NaturalCocoaPowder_x360.jpg?v=1639904567,"100% natural unsweetened cocoa powder from the organically grown cocoa. Our Raw Cacoa Powder is made from the highest quality cacoa beans only
Contains essential minerals and flavonoids."
149,Special Dark Cocoa Powder,Rs. ,Rs. ,Rs. ,,Rs. ,,//cdn.shopify.com/s/files/1/0450/4161/5010/products/71hJr-soy8L._SL1500_x360.jpg?v=1642664372,"Special, Pure dark cocoa powder from Kerala.
Perfect for hot chocolates, smoothies, milk shakes, desserts, health shakes, baking products, coco coffee, chocolate syrup, cereal foods, white chocolate wafer, puffs, desserts.

"
150,Raw PUMPKIN SEEDS ,Rs. ,Rs. ,Rs. ,,Rs. ,,//cdn.shopify.com/s/files/1/0450/4161/5010/products/RawPumpkin_1_x360.jpg?v=1626262161,"All-natural Deliciousness: These edible seeds of Pumpkin have a sweet, nutty taste. It’s not just a tasty snack but also a powerhouse of essential nutrients, calories, fats, proteins and fibre. 100% natural, unprocessed and unsalted. Best in quality and nutrition. Include in your diet is to roast them and have as a snack. It can also be added to or sprinkled on: Smoothies, Yoghurt, Fruit, Salads, Soups, Cereals, Bread, Cakes, Energy bars, Stir-fries etc.
Nutritional Value:100 grams of seeds provide 574 calories of energy, 49 grams of fat, 6.6 grams fibre and 30 grams of protein. They are also incredibly high in iron and magnesium and one of the best alkaline sources of nutrition which makes it helpful in counteracting acidity

"
151,Fermented & Sun-Dried Raw Cocoa Bean (Organic & Single-origin),Rs. ,Rs. ,Rs. ,Rs. 454,Rs. 1167,,//cdn.shopify.com/s/files/1/0450/4161/5010/products/cocoabean_x360.jpg?v=1623164653,"Finest Quality Beans sourced from an organic and fair trade farmer in Kerala; of single-origin and direct farm produce.
Raw Cocoa is considered a super food, it is an antioxidant-rich supplement, energy booster and anti-depressant. Cocoa beans is a good source of minerals such as potassium, magnesium, iron, copper and calcium
Cocoa bean has a subtle chocolate flavour and has high nutritional values than processed cocoa powder. It’s best for homemade chocolates, ice-creams, cakes, cookies, brownies etc. "
152,"RAW BLACK CHIA SEEDS for Weight Loss. Good source of Calcium, Omega-3 Fatty Acids, Vitamins, Protein, Iron & other minerals",,,,Rs. 455,Rs. 910,,//cdn.shopify.com/s/files/1/0450/4161/5010/products/Rawblackchia_1_x360.jpg?v=1626261696,"These tiny, flat, and ovular seeds with a shiny, smooth texture are packed with tons of benefits. The mild, nutty flavor  makes them easy to add to foods and beverages. They are most often sprinkled on cereal, sauces, vegetables, rice dishes, or yogurt or mixed into drinks and baked goods. 
Improves Blood Sugar Control & Lowers Blood Pressure and improves insulin resistance ."
153,"Raw (Green) Jack Fruit SEED Flour / Powder  (Gluten free, Low-Glycemic, Paleo & Vegan)",,,,Rs. 454,,,//cdn.shopify.com/s/files/1/0450/4161/5010/products/FreeTinCanMockupjackfruitcopys_x360.jpg?v=1625072250,"Plant based, single-ingredient natural fruit powder. Nutrient filled and easy replacement to wheat flour/rice flour. Ethically sourced from women owned cooperatives of rural farmers of Western Ghats of Kerala.
Naturally Gluten free ,  Made from Non-GMO fruit, Low-Glycemic, Paleo and Vegan
Adding jackfruit flour into your daily diet helps to control blood sugar levels, lowers blood pressure and improve digestion.                                                                                                                                                                Rich source of vitamin C, which is essential for a healthy immune system. Rich in anti-oxidants, fibre, potassium, Omega 3 and 6 fatty acids, jackfruit also contains minerals and other essential vitamin

"
154,RAW UNROASTED BASIL SEEDS for Weight loss,Rs. ,Rs. ,Rs. ,,Rs. ,,//cdn.shopify.com/s/files/1/0450/4161/5010/products/RawBasilseeds_1_x360.jpg?v=1626261323,"Basil seeds are rich in plant compounds including flavonoids and other polyphenols that have anti-inflammatory properties, are a good source of omega-3 fatty acids, and are prebiotic, so they can help repopulate the micro-biome. One 1 tablespoon (13g) serving of basil seeds is 60 calories and contains 7g carbs, 7g fiber, 2g protein, 2.5g fat, and 1,240 mg omega-3 fatty acids.Fibre rich. Rich source of omega-3 fatty acids.
This powerful super food is the richest nutrient source, energy booster and one of the best nutrients generating agents for vegetarians. It is rich in protein, minerals and phytol-nutrients.

"
155,Combo Pack of Natural Cocoa Powder - (250 Natural Cocoa Powder + 250 gm Dark Cocoa Powder),Rs. ,Rs. ,Rs. ,,Rs. ,,//cdn.shopify.com/s/files/1/0450/4161/5010/products/Combo_250g_x360.jpg?v=1642766467,"Combo Pack of Natural Pure dark cocoa powder from Kerala
Perfect for hot chocolates, smoothies, milk shakes, desserts, health shakes, baked products and other chocolate recipes.
"
156,RAW UNSALTED PEELED SUNFLOWER SEEDS,Rs. ,Rs. ,Rs. ,,Rs. ,,//cdn.shopify.com/s/files/1/0450/4161/5010/products/Rawsunflower_1_x360.jpg?v=1626262401,"Premium quality Sunflower seeds extracted directly from sunflower in its pure form. They can be eaten as a guilt free snack anytime of the day or can be used to garnish your dishes.
Of premium  size and taste. They’re an excellent source of protein, fibre and minerals.                                                                                                                                                                                                                          They have high vitamin E (which promotes good hair and skin health), dietary fibre and iron content and are also protein rich. It also contains magnesium, a mineral involved in more than 300 different bodily functions and selenium, an antioxidant that protects against cell damage.

"
157,RAW WHOLE FLAX SEEDS – FIBRE RICH SUPERFOOD for Weight Loss,,,,Rs. 389,Rs. 777,,//cdn.shopify.com/s/files/1/0450/4161/5010/products/Rawflaxseeds_1_x360.jpg?v=1626420149," Flaxseed benefits heart health, lowers cholesterol levels, and even regulates blood sugar. They have a  slightly mild, nutty flavor so are ideal for adding to both sweet and savoury foods.
Nutritional Value: Eating two tablespoons of ground flax seed a day will provide about 20 percent to 25 percent of your fiber needs. It gives 3.6 g of plant-based omega-3s, 75 calories, 2.6 grams of protein, 4 grams of carbohydrates (mostly fiber) and 6 grams of fat. Its essential fatty acids keep skin, nails, and hair shiny and healthy.                                                                                                                                                                                             Flaxseed help in regulating blood sugar, promoting weight loss, preventing constipation, help reduce LDL cholesterol levels,  the risk of cardiovascular disease and certain types of cancer, like prostate cancer and breast cancer.   As appetite suppressant, aids in Weight Loss
Improves Heart Health& Regulates Blood Sugar Level: Diets rich in flaxseed omega-3s help prevent hardening of the arteries and keep plaque from being deposited in the arteries partly by keeping white blood cells from sticking to the blood vessels’ inner linings and thus prevents the risk of heart diseases. "
158,Gift Pack of Natural Cocoa Powder - (400 Natural Cocoa Powder + 400 gm Dark Cocoa Powder),Rs. ,Rs. ,Rs. ,,Rs. ,,//cdn.shopify.com/s/files/1/0450/4161/5010/products/Combo_1_f6e5660c-3b95-4d23-8d41-678f4ff71377_x360.jpg?v=1642766534,"Combo Pack of Natural Cocoa Powder (400 Natural Cocoa Powder 400 gm Dark Cocoa Powder)
Perfect gift to your dear and near ones during festival season.
A premium quality product from looms & weaves - A women owned initiative"
159,Finest quality Bamboo Rice (Moongil Rice) from Kerala - 400 gm,,,,,,Rs. 584,//cdn.shopify.com/s/files/1/0450/4161/5010/products/71r0qN_UJiL._SL1500__1_x360.jpg?v=1626263880,"Bamboo Rice is a Healthier and tastier rice alternative with a higher protein content than both rice and wheat. Natural, unprocessed, contains no colour or other additives. 
Rich source of Vitamin B & Vitamin B6.Source of carbohydrates, dietary fibres, proteins and minerals
Better option for diabetics patients due its low Glycemic Index than normal rice. Low in calorie, rich in protein and vitamin B
Traditionally used to reduce joint pain, back pain and rheumatic pain owing to its calcium and phosphorous content."
160,RAW WATERMELON SEEDS with High Protein and Fibre,,,,Rs. 519,Rs. 1037,,//cdn.shopify.com/s/files/1/0450/4161/5010/products/Rawwatermelon_1_x360.jpg?v=1626263926,"Watermelon seeds are low in calories. A handful of seeds weighs about 4 grams but contains only 23 calories. Being rich in magnesium, they healthy metabolism of the body. It’s also a rich source of Zinc, Iron & Good Fats. They are full of nutrients like proteins, essential fatty acids, magnesium, zinc; Manganese in these seeds helps to prevent hair fall and damage. It helps in strengthening your hair and promotes hair growth."
161,RAW UNROASTED WHITE QUINOA SEEDS with High Fibre and Protein. Enriched with Anti-oxidants  & Gluten free,,,,Rs. 454,Rs. 907,,//cdn.shopify.com/s/files/1/0450/4161/5010/products/Rawwhitequinoa_1_x360.jpg?v=1626262855," Referred to it as the “mother of all grains”, can be used and consumed instead of  other grain in place of rice, semolina, wheat.  When cooked, quinoa is soft and fluffy, with a slightly nutty taste. It can also be made into flour for making various foods like pasta and bread."
162,Jackfruit Seed Powder - 250gm,Rs. ,Rs. ,Rs. ,,Rs. ,,//cdn.shopify.com/s/files/1/0450/4161/5010/products/FreeTinCanMockupjackfruitseedcopy_x360.jpg?v=1625395045,"Jack fruit seed powder can be added to idli, chapati, dosa and flours
Rich source of dietary fibres, proteins, various vitamins and carbohydrates"
163,RAW PREMIUM WHITE CHIA SEEDS - for weight loss,Rs. ,Rs. ,Rs. ,Rs. 454,Rs. 907,,//cdn.shopify.com/s/files/1/0450/4161/5010/products/Rawwatermelon_1_ac3a99e1-c291-4ee7-9826-e57c7b1316ed_x360.jpg?v=1626262780,"Chia seed is a ‘Super- Food’. One ounce serving of Chia seeds contains 11.2 g of fiber & 5.6 g of protein.
Nutritional Profile:  High in Omega-3 Fatty Acids. It also contains  high-quality protein, iron, omega -3s and antioxidants. Almost All the Carbs in Them Are Fiber. One ounce (28 grams) of chia seeds has 12 grams of carbs and fiber. They may reduce your risk of heart disease.  This humble superfood can also fight ageing, soothe inflammation, reduce acne scars and keep skin radiant and healthy."
164,"Premium Raw Fermented Cocoa Bean Whole – 200 gm (Single Origin, Farm Direct Produce, Organically Grown & Made in small batches)",Rs. ,Rs. ,Rs. ,,Rs. ,,//cdn.shopify.com/s/files/1/0450/4161/5010/products/CocoaBeanWhole_Dried_Fermented_x360.jpg?v=1623682391,"Premium & Limited edition Single Origin Raw Fermented Best quality raw fermented cocoa beans from the homesteads of bio-diverse Western Ghats are sourced from the homesteads of an organic farmer, Thomas P. J .at Maruthonkara village in Caliut district of Kerala. The homesteads strictly follow the rules of permaculture, without harming the natural ecosystem.
Specially packed gifting product."
165,RAW MUSKMELON SEEDS – without shell,,,,Rs. 649,Rs. 1167,,//cdn.shopify.com/s/files/1/0450/4161/5010/products/RawMuskMelon_1_x360.jpg?v=1626262033,"Extracted directly from organically grown Musk Melon Seeds and packed ensuring  hygiene measures. Add them to salads, or as a topping for bread and grain products, crackers, sushi, cakes, soups, breading for fish,  and a wide variety of food preperations.
An excellent plant-based protein;  incredibly rich in anti-oxidants that assist in  the reduction of free radicals as well as Vitamins A, C, and E, that improves the body's immunities and wards off cold and flus. The seeds are also be a great source of unsaturated fat, minerals just like magnesium, phosphorous, and potassium.
Regular consumption improves healthy hair and nail  growth due to its high protein content within them. It may also help maintain the tissues within our body and play a vital role in eliminating cardiovascular diseases.  It also aids the body in cleansing by expelling intestinal worms. Usage of these seeds eliminates excessive phlegm through the body and rids of congestion."
166,"Premium Raw Cashew flour -  Gluten-free, & Grain-free, Vegan, Paleo-friendly & Unroasted - 250 gm",Rs. ,Rs. ,Rs. ,,Rs. ,,//cdn.shopify.com/s/files/1/0450/4161/5010/products/71r0qN_UJiL._SL1500__1_x360.jpg?v=1626263880,"Fine ground, a perfect wheat or gluten-free flour substitute for cooking and baking.  It has delicious, sweetish, creamy and nutty taste. Sourced from organically grown cashew farms of Northern Kerala and processed in a very traditional.    Has  rich mineral and low fat content. Has anti-inflammatory and anti-carcinogenic properties.
 Vegan/Dairy Free/Gluten Free/Non- GMO/ Paleo/ Vegan/Celiac/ Non- ETO/Non-Irradiated/No added Sugar/No salt/No preservatives/No Additives/No Flavours/No Chemicals."
167,High Curcumin Lakadong Turmeric Powder - Directly sourced from the organic farmers of Lakadong Village - East and West Jantia Hills of Meghalaya,Rs. ,Rs. ,Rs. ,,Rs. ,,//cdn.shopify.com/s/files/1/0450/4161/5010/products/738a_x360.jpg?v=1617207105,"Considered  the best turmeric in the world, Lakadong turmeric  has the highest curcumin content about 8%
It has a distinct aromatic flavor and light brown colour compared to ordinary varieties of turmeric. Handpicked turmeric is sorted and washed three to four times,  sliced it into small pieces, sun dried and then powdered in small batches. Our turmeric is not oil extracted.
100 % free of pesticides, additives or preservatives. Non- GMO, Non-ETO, Vegan, Non-irradiated & Gluten free.
This product is ethically sourced through farmer’s groups in the Lakadong village, Meghalaya.
"
168,Dry Ginger Powder (Organically grown & Single origin produce) Adrak Root Powder /Saunth Powder,Rs. ,Rs. ,Rs. ,,Rs. ,,//cdn.shopify.com/s/files/1/0450/4161/5010/products/LAWT02WT_x360.jpg?v=1622795380,"Sourced from an organic and fair trade certified farmer in Wayanad, Kerala and made in small batches. Authentic, locally sourced, Non-GMO variety of ginger root  called ‘Maran’ is used to make the powder. No hybrid variety is used. Fresh ginger root skin is peeled, washed three times, sliced  and dried in solar dryer.  0% free of pesticides, insecticides, fungicides, preservatives. No  flavours added.
An immunity booster. Best with turmeric latte. Dried ginger powder is used in spices and masalas for gravies, curries, marinades, stews, for spicing food and beverages & seasoning meats.
"
169,Fresh and Natural Turmeric Powder (Organically grown & Single origin produce with source details),Rs. ,Rs. ,Rs. ,,Rs. ,,//cdn.shopify.com/s/files/1/0450/4161/5010/products/gingerpowder100gm_x360.jpg?v=1624768677," Local, Non-GMO variety sourced from an organic and fair trade certified farmer in Wayanad, Kerala. No hybrid variety is sourced.                                                                                                                                             Small batches of handpicked turmeric root is washed three to four times,  sliced, sun-dried  and  powdered.
0% free of pesticide, insecticide, fungicide, preservatives.
Essential ingredient in most of immunity boosters. Best  for turmeric latté. Fresh turmeric is used in spices and masalas for gravies, curries etc.
"
170,Lakadong Turmeric Latte Powder,,Rs. 519,Rs. 649,,,,//cdn.shopify.com/s/files/1/0450/4161/5010/products/turmericpowder100gm_x360.jpg?v=1624952782,"Rich in antioxidants that helps to improve immunity,  reduces inflammation and joint pain and Improves memory and brain function.
May lower blood sugar levels. Has anti-viral, anti-bacterial and anti-fungal properties. Good for digestion.
"
171,Ginger Coffee Powder - 250 gm,,,,Rs. 519,,,//cdn.shopify.com/s/files/1/0450/4161/5010/products/32a_x360.jpg?v=1615826125,"Ingredients: Dry Ginger Powder, Malabar Black Pepper Powder, Arabica Coffee Powder, Palm Jaggery Powder, Tulsi Powder, Coriander Powder, Long Pepper Powder, Cumin, Cardamom, Black Cardamom, Fenugreek and Salt
This Ayurvedic home  recipe  is a traditional healthy coffee of South India, especially Kerala, made by brewing dry ginger with coffee powder. It is commonly used as an effective remedy for cough, sore throat, fever and indigestion.Directions to use: Add 1 teaspoon of Ginger Coffee Powder in a glass of water and boil for two minutes. Stir well and serve hot."
